名称	初始星级	倾向1	倾向2	倾向3	倾向1能力（1级/60级）	倾向2能力（1级/60级）	倾向3能力（1级/60级）
艾欣愉	4	水产	加工	采集	32/205	25/158	22/134
爱神	5	探索	加工	畜牧	32/205	25/158	22/134
艾薇尔	4	农作	采集	畜牧	32/205	25/158	22/134
奥瑞·金	3	水产			37/235		
吧比	3	加工	农作		34/223	27/168	
睡着的板娘	4	采集	水产	畜牧	32/205	25/158	22/134
捕风捉影	4	矿产	加工	探索	32/205	25/158	22/134
黛安泽尔	3	农作	水产		34/223	27/168	
绯恩	4	采集	农作		37/235	32/205	
鬼灯灯	5	农作	加工		34/223	27/168	
古剑布	3	农作	矿产	采集	32/205	25/158	22/134
古剑喵	5	探索	矿产	水产	32/205	25/158	22/134
顾祇	5	矿产	探索		34/223	27/168	
古语俞	4	加工	探索		34/223	27/168	
黑羽川	4	农作	水产	采集	32/205	25/158	22/134
红凯	4	探索	加工	采集	32/205	25/158	22/134
蕾蕾	5	探索	畜牧		34/223	27/168	
冷悦	3	畜牧	农作		34/223	27/168	
洛纳莉	5	采集	水产	畜牧	32/205	25/158	22/134
麻咪	5	农作	采集		34/223	27/168	
慢龙	3	畜牧			37/235		
慢龙	5	畜牧	水产		34/223	27/168	
暖玉	4	农作	采集	畜牧	32/205	25/158	22/134
隼风莉亚	5	采集	探索	矿产	32/205	25/158	22/134
雾剑	3	探索			37/235		
向含鸯	3	矿产			37/235		
向含鸳	5	畜牧			37/235		
小星陨	4	采集	畜牧	农作	32/205	25/158	22/134
小哈	3	探索			37/235		
夕夕	4	畜牧	采集		34/223	27/168	
夕月神奈	5	采集	水产	加工	32/205	25/158	22/134
轩辕	5	畜牧	加工	水产	32/205	25/158	22/134
叶唤安	4	加工	探索	农作	32/205	25/158	22/134
叶律素	3	农作	采集	畜牧	32/205	25/158	22/134
泽非羊	4	加工	探索	畜牧	32/205	25/158	22/134
灼焱	5	探索			37/235		
