partner_id	角色	原始星级	奇迹结晶	产业物品ID	产业物品	数量	最低品质	特色物品ID	特色物品	特色数量	特色最低品质	突破币	估算总体力	估算串行生产小时	估算现金含门票原料	特色依据
ai_liqi	爱莉栖	5	18	lake_fish	枫湖鲈	20	3	flour	小麦粉	2	0	8000	190	3.2	14100	女仆的料理与家务
ai_xinyu	艾欣愉	4	15	lake_fish	枫湖鲈	16	3	amber_beeswax	琥珀蜂蜡	1	0	6500	153	16.0	11500	随流拾珍，挑选闪亮小物（意象提案）
aishen	爱神	5	18	maple_resin	红枫树脂	5	3	red_copper_ore	赤铜矿	5	0	8000	146	28.5	14000	闪电鸟与金属导电意象
aiweier	艾薇尔	4	15	wheat	小麦	16	3	mixed_fodder	混合饲料	2	0	6500	122	21.3	11700	饲草田特性与饲料准备
aorui_jin	奥瑞·金	3	12	stream_fish	溪石鱼	20	3	stone_loach	石鳅	2	0	5000	140	0	9000	金色鱼线擅长稀有鱼，选石鳅作特色钓获
babi	吧比	3	12	maple_plank	枫木板	4	3	pumpkin	南瓜	2	0	5000	109	17.3	9100	稳健加工与农作副倾向（暂无明确喜好）
bai_li	白璃	5	18	pumpkin	南瓜	8	3	peach_berry	桃桃果	2	0	8000	192	44.8	16900	树果照料特性；采用用户提出的树果方向
bai_lin	白凛	4	15	maple_resin	红枫树脂	4	3	red_copper_greatsword	赤铜大剑	1	0	6500	130	23.6	11500	力量武器特性；消耗一把额外锻造的武器
bai_lingxue	白岭雪	4	15	wool	羊毛	6	3	morning_dew_flower	晨露花	2	0	6500	120	17.6	11800	冰六尾的清冷与精细照料意象
bai_tiantian	白天天	5	18	maple_plank	枫木板	6	3	silver_star_moss	银星苔	2	0	8000	163	52.4	14000	万物归元与星光素材意象
banniang	睡着的板娘	4	15	autumn_herb	秋露草	10	3	milk	牛奶	2	0	6500	120	32.5	11600	梦中采集后的温热饮品（喜好提案）
bufeng_zhuoying	捕风捉影	4	15	moon_silver_ore	月银矿	8	3	maple_plank	枫木板	2	0	6500	147	8.8	11500	坚盾剑怪的护具与木制结构意象
daian_zeer	黛安泽尔	3	12	wheat	小麦	12	3	stream_fish	溪石鱼	3	0	5000	100	12.9	9200	泳圈鼬与水产副倾向
fein	绯恩	4	15	autumn_herb	秋露草	10	3	herbal_salve	秋露药膏	2	0	6500	124	41.6	11500	多样采集后制成草药；不用体力药作为突破消耗
fumeng	浮梦	3	12	flour	小麦粉	4	3	woodland_mushroom	林间菌菇	3	0	5000	112	20.7	9200	热汤常备，菌菇作汤料
guidengdeng	鬼灯灯	5	18	pumpkin	南瓜	8	3	amber_beeswax	琥珀蜂蜡	2	0	8000	144	60.8	14400	鬼火精炼与烛火意象
gujian_bu	古剑布	3	12	wheat	小麦	12	3	red_copper_ore	赤铜矿	3	0	5000	97	13.0	9200	假剑牙的金属材料
gujian_miao	古剑喵	5	18	maple_resin	红枫树脂	5	3	lake_fish	枫湖鲈	3	0	8000	149	28.3	14000	雪中恶作剧与水产副倾向（食物提案）
guqi	顾祇	5	18	moon_silver_ore	月银矿	10	3	amber_beeswax	琥珀蜂蜡	2	0	8000	173	37.6	14000	黄金矿工与琥珀宝藏意象
guyu_yu	古语俞	4	15	herbal_salve	秋露药膏	4	3	maple_resin	红枫树脂	3	0	6500	139	66.7	11500	古老火精灵契约与树脂燃料
hei_yuchuan	黑羽川	4	15	corn	玉米	10	3	milk	牛奶	2	0	6500	120	26.9	12000	猫娘的日常饮品（喜好提案）
hongkai	红凯	4	15	maple_resin	红枫树脂	4	3	pickled_carrot	腌渍胡萝卜	2	0	6500	124	25.8	11600	荒野厨师的便携料理
hongzhijian	虹之间	3	12	autumn_herb	秋露草	8	3	morning_dew_flower	晨露花	2	0	5000	96	35.4	9000	虹彩拾遗与花朵意象
jia_gula	嘉沽菈	4	15	moon_silver_ore	月银矿	8	3	moon_silver_dagger	月银短剑	1	0	6500	152	5.3	11500	精确刀技的金属刀刃意象；消耗额外武器
leilei	蕾蕾	5	18	maple_resin	红枫树脂	5	3	carrot	胡萝卜	5	0	8000	144	30.9	14100	蕾冠王与骑士坐骑的胡萝卜意象
lengyue	冷悦	3	12	egg	鸡蛋	12	3	flax_thread	麻线	2	0	5000	98	25.1	9400	精细梳理与纤维护理材料
luo_nali	洛纳莉	5	18	autumn_herb	秋露草	12	3	herbal_salve	秋露药膏	2	0	8000	148	47.8	14000	草药学特性
mami	麻咪	5	18	pumpkin	南瓜	8	3	milk	牛奶	3	0	8000	144	31.5	14500	猫咪形象的日常饮品（喜好提案）
manlong	慢龙（三星）	3	12	egg	鸡蛋	12	3	pickled_carrot	腌渍胡萝卜	2	0	5000	100	25.8	9300	慢节奏生活的家常食物（喜好提案）
manlong_2	慢龙（五星）	5	18	milk	牛奶	12	3	flour	小麦粉	3	0	8000	150	16.0	14500	满仓特性与居家食材储备
nuanyu	暖玉（本体）	4	15	corn	玉米	10	3	maple_resin	红枫树脂	2	0	6500	120	35.8	12000	小太阳与温暖火光意象
nuanyu_2	暖玉（异格）	5	18	maple_plank	枫木板	6	3	moon_silver_ore	月银矿	4	0	8000	164	20.0	14000	蓝焰熔炼的矿物原料
shuiling	水灵	3	12	stream_fish	溪石鱼	20	3	morning_dew_flower	晨露花	2	0	5000	125	10.9	9000	戏水涟漪与水露花朵意象
sunfeng_liya	隼风莉亚	5	18	maple_wood	枫木	30	3	moon_silver_ore	月银矿	4	0	8000	146	34.2	14000	钢铠鸦的金属甲羽意象
vanessa	凡妮莎	5	18	lake_fish	枫湖鲈	20	3	rope	绳索	2	0	8000	191	6.9	14100	领航员的航行备品，15级可制作
wei_jiang	威酱	4	15	flax	亚麻	10	3	moon_silver_ore	月银矿	3	0	6500	122	56.7	12500	棉絮播种与月亮意象
wujian	雾剑	3	12	maple_resin	红枫树脂	3	3	moon_silver_ore	月银矿	3	0	5000	98	17.2	9000	焰黑酋雷姆的冰与金属光泽意象
xiang_hanyang	向含鸯	3	12	red_copper_ore	赤铜矿	24	3	maple_plank	枫木板	2	0	5000	111	6.4	9000	铁哑铃与支撑金属工作的材料
xiang_hanyuan	向含鸳	5	18	milk	牛奶	12	3	red_copper_ore	赤铜矿	5	0	8000	146	11.5	14500	与向含鸯的关联，用对方的主业物产
xiao_xingyun	小星陨	4	15	reed	芦苇	8	3	silver_star_moss	银星苔	1	0	6500	120	51.9	11500	星陨与银星意象
xiaoha	小哈	3	12	maple_resin	红枫树脂	3	3	red_copper_ore	赤铜矿	3	0	5000	97	17.1	9000	岩属性原型与矿石意象
xixi	夕夕	4	15	egg	鸡蛋	16	3	morning_dew_flower	晨露花	2	0	6500	120	41.0	11900	牵线搭桥特性与赠花意象
xiyue_kanna	夕月神奈	5	18	autumn_herb	秋露草	12	3	silver_star_moss	银星苔	2	0	8000	144	69.5	14000	月光筛选与清辉意象
xuanyuan	轩辕	5	18	milk	牛奶	12	3	flour	小麦粉	3	0	8000	150	16.0	14500	慷慨照料与家常食材（喜好提案）
ya_ziweier	雅兹薇尔	5	18	maple_resin	红枫树脂	5	3	maple_flame_tome	枫火之书	1	0	8000	149	71.0	14000	苍炎与咒火载体意象；消耗额外装备
ye_huanan	叶唤安	4	15	flour	小麦粉	5	3	woodland_mushroom	林间菌菇	3	0	6500	140	23.8	11700	安作烹饪与家常汤料
ye_lvsu	叶律素	3	12	wheat	小麦	12	3	maple_plank	枫木板	2	0	5000	100	17.2	9200	田园鼓手制作木鼓的材料
yuan_huiqin	原慧琴	4	15	maple_resin	红枫树脂	4	3	moon_silver_ore	月银矿	3	0	6500	122	22.8	11500	狙击手精密器具的金属材料
ze_feiyang	泽非羊	4	15	mixed_fodder	混合饲料	8	3	wheat	小麦	4	0	6500	139	41.0	11600	饲料工匠特性
zhake	扎克	4	15	reed	芦苇	8	3	moon_silver_ore	月银矿	3	0	6500	122	35.8	11500	退隐镰刀杀手的刃具保养
zhuoyan	灼焱	5	18	maple_resin	红枫树脂	5	3	amber_beeswax	琥珀蜂蜡	2	0	8000	144	60.3	14000	野火本能与助燃烛火意象
guqi_sp	顾祇SP	5	18	sea_shell	海贝	12	3	heart_scale	心之鳞片	2	0	8000	待评估	待评估	待评估	夏夜潮祭活动伙伴，沿用 PR 材料需求
fein_sp	绯恩SP	5	18	night_bellflower	夜铃花	10	3	lantern_fish	灯影鱼	3	0	8000	待评估	待评估	待评估	夏夜萤野与夏夜灯湾活动物产
