ID	名称	力量	敏捷	智力	幸运	总点数	初始分配依据
ai_xinyu	艾欣愉	9	14	11	14	48	灵活、善于随流寻宝；力量不是主要优势
aishen	爱神	11	16	11	10	48	闪电鸟原型，突出飞行速度与机动性
aiweier	艾薇尔	10	11	16	11	48	三无而细致，农作与采集定位偏观察和规划
aorui_jin	奥瑞·金	9	12	12	15	48	金色鱼线与稀有渔获定位，突出幸运
babi	吧比	12	11	13	12	48	人设信息较少，先采用无显著高项的均衡分布
banniang	睡着的板娘	10	8	14	16	48	行动迟缓但梦中采集和偶然发现能力突出
bufeng_zhuoying	捕风捉影	10	15	15	8	48	活动时警觉性和观察力很强，突出敏捷与智力
daian_zeer	黛安泽尔	10	15	14	9	48	泳圈鼬与万智牌元素，偏机动和战术理解
fein	绯恩	12	12	13	11	48	红叶镇向导，可靠均衡但没有极端长板
guidengdeng	鬼灯灯	9	13	15	11	48	鬼火与精炼定位，偏智力和感知
gujian_bu	古剑布	9	14	13	12	48	擅长伪装与模仿，偏灵巧和应变
gujian_miao	古剑喵	10	15	10	13	48	雪地恶作剧定位，突出敏捷与一点好运
guqi	顾祇	16	9	14	9	48	黄金矿工与巨镐形象，力量和矿脉判断突出
guyu_yu	古语俞	11	12	16	9	48	与古老火精灵签约的冒险者，突出知识与法术理解
hei_yuchuan	黑羽川	12	15	10	11	48	热情开朗的猫娘形象，偏敏捷和行动力
hongkai	红凯	14	12	15	7	48	荒野求生且冷静腹黑，力量和判断优秀但运气不佳
leilei	蕾蕾	15	11	14	8	48	可变形的傲娇骑士，偏力量和战术理解
lengyue	冷悦	16	10	13	9	48	Mega 巨钳螳螂原型，突出力量与坚实行动
luo_nali	洛纳莉	11	13	15	9	48	采集、水产、畜牧与草药知识定位，偏智力
mami	麻咪	9	13	16	10	48	红眼定身力量偏精神与观察，突出智力
manlong	慢龙（3星）	15	9	13	11	48	双刀低速快龙，力量高而速度偏低
manlong_2	慢龙（5星）	14	8	14	12	48	宅女大姐姐与快龙体格，力量和经验并重
nuanyu	暖玉	8	14	15	11	48	体型娇小、鬼点子多的小太阳，偏敏捷和智力
sunfeng_liya	隼风莉亚	13	16	11	8	48	钢铠鸦暗黑战士，突出高速飞行和行动能力
wujian	雾剑	16	11	12	9	48	焰黑酋雷姆原型，突出压倒性力量
xiang_hanyang	向含鸯	15	9	16	8	48	铁哑铃和矿产定位，力量与结构分析优秀
xiang_hanyuan	向含鸳	13	11	13	11	48	畜牧照料定位，人设资料较少，采用均衡分布
xiao_xingyun	小星陨	10	15	10	13	48	活泼轻巧的星陨意象，偏敏捷和一点好运
xiaoha	小哈	16	10	9	13	48	岩碰原型，突出力量与直觉，知识偏低
xixi	夕夕	9	13	14	12	48	配种与相看定位，偏观察和判断
xiyue_kanna	夕月神奈	9	13	16	10	48	自称行走的百科全书，突出智力
xuanyuan	轩辕	13	11	13	11	48	畜牧、加工、水产多面手，采用稳健均衡分布
ye_huanan	叶唤安	9	15	15	9	48	洗翠索罗亚克原型，突出敏捷、幻术和判断
ye_lvsu	叶律素	10	14	13	11	48	山野打鼓与鸟类搭档，偏节奏感和机动性
ze_feiyang	泽非羊	13	12	13	10	48	加工、探索、畜牧复合定位，人设资料较少，采用均衡分布
zhuoyan	灼焱	14	15	8	11	48	火斑喵原型，力量与敏捷突出，行动更靠本能
